pool_address,pool_name,token0_address,token0_symbol,token0_decimals,token1_address,token1_symbol,token1_decimals,tvl_usd
0xf93c610dd478d2e9fa47aa00ee3b726c6ac1c376,wMEMO-USDC.e,0x0da67235dd5787d67955420c84ca1cecd4e5bb3b,wMEMO,18,0xa7d7079b0fead91f3e65f86e8915cb59c1a4c664,USDC.e,6,5662293.792
0x783c0eff1112f3c4139dcb661c3fc57ca9ba6f3b,sifu-WETH.e,0x237917e8a998b37759c8ee2faa529d60c66c2927,sifu,18,0x49d5c2bdffac6ce2bfdb6640f4f80f226bc10bab,WETH.e,18,996526.6565
0x4d308c46ea9f234ea515cc51f16fba776451cac8,wMEMO-MIM,0x0da67235dd5787d67955420c84ca1cecd4e5bb3b,wMEMO,18,0x130966628846bfd36ff31a822705796e8cb8c18d,MIM,18,863922.7472
0xb44ce3f27d1fc145fd3cbd4f59c32cb9be154b33,DIGITS-DAI.e,0x18e2269f98db2eda3cfc06e6cca384b291e553d9,DIGITS,18,0xd586e7f844cea2f87f50152665bcbc2c279d8d70,DAI.e,18,869604.9831
0xcbb424fd93cdec0ef330d8a8c985e8b147f62339,MIM-WAVAX,0x130966628846bfd36ff31a822705796e8cb8c18d,MIM,18,0xb31f66aa3c1e785363f0875a1b74e27b85fd66c7,WAVAX,18,709432.5896
0x4cf9dc05c715812fead782dc98de0168029e05c8,TIC-USDC.e,0x75739a693459f33b1fbcc02099eea3ebcf150cbe,TIC,18,0xa7d7079b0fead91f3e65f86e8915cb59c1a4c664,USDC.e,6,470076.189
0x0b212115882252e3640839feacf6cd45a8f419f5,MIM-USDC.e,0x130966628846bfd36ff31a822705796e8cb8c18d,MIM,18,0xa7d7079b0fead91f3e65f86e8915cb59c1a4c664,USDC.e,6,301391.4045
0x19a1c50d22ad1dc22726d880c9f578e2902c1d4b,wMEMO-sifu,0x0da67235dd5787d67955420c84ca1cecd4e5bb3b,wMEMO,18,0x237917e8a998b37759c8ee2faa529d60c66c2927,sifu,18,216570.2499
0xc82c535ac8a665b8a2c1a414a8bb0a3cc7923c77,USDC.e-USDC,0xa7d7079b0fead91f3e65f86e8915cb59c1a4c664,USDC.e,6,0xb97ef9ef8734c71904d8002f8b6bc66dd9c48a6e,USDC,6,80727.40427
0x669328b7adbcc15da8949faadd78a09ef025c1f8,WETH.e-USDC.e,0x49d5c2bdffac6ce2bfdb6640f4f80f226bc10bab,WETH.e,18,0xa7d7079b0fead91f3e65f86e8915cb59c1a4c664,USDC.e,6,36435.31688
0x3730c99811fea9ca1dd977ddd6d3b80f8a0bebea,WAVAX-FAE,0xb31f66aa3c1e785363f0875a1b74e27b85fd66c7,WAVAX,18,0xcd1bb91f4eca93217421316480ca7d7c315827e5,FAE,9,36761.67401
0x4ed65dab34d5fd4b1eb384432027ce47e90e1185,USDC.e-WAVAX,0xa7d7079b0fead91f3e65f86e8915cb59c1a4c664,USDC.e,6,0xb31f66aa3c1e785363f0875a1b74e27b85fd66c7,WAVAX,18,32094.61379
0x3e105e5acb4dab409fb365ba72d7793210ae6e59,wMEMO-WAVAX,0x0da67235dd5787d67955420c84ca1cecd4e5bb3b,wMEMO,18,0xb31f66aa3c1e785363f0875a1b74e27b85fd66c7,WAVAX,18,19265.78659
0x6539bf462f73ff9497054ba261c195da8639ed61,WAVAX-USDC,0xb31f66aa3c1e785363f0875a1b74e27b85fd66c7,WAVAX,18,0xb97ef9ef8734c71904d8002f8b6bc66dd9c48a6e,USDC,6,18798.86211
0x459eb852799057912138519eab28c8e0c227c42c,USDC.e-DAI.e,0xa7d7079b0fead91f3e65f86e8915cb59c1a4c664,USDC.e,6,0xd586e7f844cea2f87f50152665bcbc2c279d8d70,DAI.e,18,18012.93453
0xe5cddbfd3a807691967e528f1d6b7f00b1919e6f,sSPELL-SPELL,0x3ee97d514bbef95a2f110e6b9b73824719030f7a,sSPELL,18,0xce1bffbd5374dac86a2893119683f4911a2f7814,SPELL,18,16023.49778
0xb599e3cc5e7730865e74d78f2b9b67fdc627b743,MIM-BSGG,0x130966628846bfd36ff31a822705796e8cb8c18d,MIM,18,0x63682bdc5f875e9bf69e201550658492c9763f89,BSGG,18,5441.594092
0x708c1b2ae45d9f5986bf4fcb0a0120fe0db20dc3,USDC.e-USDT.e,0xa7d7079b0fead91f3e65f86e8915cb59c1a4c664,USDC.e,6,0xc7198437980c041c805a1edcba50c1ce5db95118,USDT.e,6,6930.89187
0x84f9ef2b0183712c861e82b9d30c24c98984e5bd,LAND-USDT.e,0x2597dc2c0cfaeb1d6e02d365658e6e31cfc9cff0,LAND,18,0xc7198437980c041c805a1edcba50c1ce5db95118,USDT.e,6,6890.725425
0x5f17338e56bd644c804690fef778b4d6f2a9c0a0,WAVAX-WHIRL,0xb31f66aa3c1e785363f0875a1b74e27b85fd66c7,WAVAX,18,0xd806a4a473e44578796898a4c546f575d7247b2b,WHIRL,18,5068.774592
0xbf12ca918c7e8cb260f480e74fdb99f5e0de5e8b,WAVAX-MU,0xb31f66aa3c1e785363f0875a1b74e27b85fd66c7,WAVAX,18,0xd036414fa2bcbb802691491e323bff1348c5f4ba,MU,18,4608.667505
0x29488375275ebb2dfb09c1e5d6119d677606da7b,Rex-WAVAX,0xa33fac40f62b7aa975d8835eaa8a4df8b74161bd,Rex,18,0xb31f66aa3c1e785363f0875a1b74e27b85fd66c7,WAVAX,18,3886.203422
0x24f01f3dcdee246567029bce8830a866c9cd2b1e,SUSHI.e-PEFI,0x37b608519f91f70f2eeb0e5ed9af4061722e4f76,SUSHI.e,18,0xe896cdeaac9615145c0ca09c8cd5c25bced6384c,PEFI,18,1771.297276
0x09657b445df5bf0141e3ef0f5276a329fc01de01,WAVAX-USDT.e,0xb31f66aa3c1e785363f0875a1b74e27b85fd66c7,WAVAX,18,0xc7198437980c041c805a1edcba50c1ce5db95118,USDT.e,6,1671.720551
0xfa694732bd6f00601d4ca779f5380459271e576e,BNB-USDT.e,0x264c1383ea520f73dd837f915ef3a732e204a493,BNB,18,0xc7198437980c041c805a1edcba50c1ce5db95118,USDT.e,6,1534.873854
0x6cb6cb160bd629aaf07d2e51b3a435d909d01dd0,MIM-TIME,0x130966628846bfd36ff31a822705796e8cb8c18d,MIM,18,0xb54f16fb19478766a268f172c9480f8da1a7c9c3,TIME,9,1500.608967
0xe5dc9c75d4514a5a7fe370e636560699ba83c702,WAVAX-ETH,0xb31f66aa3c1e785363f0875a1b74e27b85fd66c7,WAVAX,18,0xf20d962a6c8f70c731bd838a3a388d7d48fa6e15,ETH,18,1467.342079
0x84fe1a84c0448d1dc4199a40fe53db6a49ed6037,SUSHI.e-WAVAX,0x37b608519f91f70f2eeb0e5ed9af4061722e4f76,SUSHI.e,18,0xb31f66aa3c1e785363f0875a1b74e27b85fd66c7,WAVAX,18,1283.155073
0x2fde1c280a623950b10b6483b9a0c23549c9b515,WETH.e-WAVAX,0x49d5c2bdffac6ce2bfdb6640f4f80f226bc10bab,WETH.e,18,0xb31f66aa3c1e785363f0875a1b74e27b85fd66c7,WAVAX,18,914.9121308
0x99b214981746a1d99db6d45a4e43b57e0ab4268e,OGUC-WAVAX,0x6c7b8dc81ae49ea793998a0c784db9bc05981a3c,OGUC,18,0xb31f66aa3c1e785363f0875a1b74e27b85fd66c7,WAVAX,18,909.9180466
0x06553e53dff0f8d8b1f8193904f69554f7644700,MEMO-WAVAX,0x136acd46c134e8269052c62a67042d6bdedde3c9,MEMO,9,0xb31f66aa3c1e785363f0875a1b74e27b85fd66c7,WAVAX,18,653.6979112
0x52e48172c646b81cb35bbb557f531fc4ece58a6c,BNB-WAVAX,0x264c1383ea520f73dd837f915ef3a732e204a493,BNB,18,0xb31f66aa3c1e785363f0875a1b74e27b85fd66c7,WAVAX,18,651.251628
0x6bee00c9c5800d233ff1c2403d4a16a9e9ae792b,NORO-WAVAX,0x8810dc193ba78b0db831687ebb8d79f24a8b5e81,NORO,9,0xb31f66aa3c1e785363f0875a1b74e27b85fd66c7,WAVAX,18,649.6977051
0x987964f314c9081f5ede4ad4c757f84b2ece1b09,WAVAX-FRACTION,0xb31f66aa3c1e785363f0875a1b74e27b85fd66c7,WAVAX,18,0xbd80cfa9d93a87d1bb895f810ea348e496611cd4,FRACTION,18,428.7302745
0xcc6bd32e6f167f0591c449e5ccbb671e06e0382b,xJOE-WAVAX,0x57319d41f71e81f3c65f2a47ca4e001ebafd4f33,xJOE,18,0xb31f66aa3c1e785363f0875a1b74e27b85fd66c7,WAVAX,18,377.9208863
0x7782ea0303cd51f65ee1eb52770185bbc937c8f8,WAVAX-SPELL,0xb31f66aa3c1e785363f0875a1b74e27b85fd66c7,WAVAX,18,0xce1bffbd5374dac86a2893119683f4911a2f7814,SPELL,18,335.4213979
0x14479d0e9f5fdcc031094e0e770eee3e0f1f3da1,MIMIK-WAVAX,0x628745700716a547912f23e89ad86007d93e1b82,MIMIK,18,0xb31f66aa3c1e785363f0875a1b74e27b85fd66c7,WAVAX,18,556.1775638
0x55de93b08c2772d677f1263c3ea91b9d7d4ce79d,WETH.e-WBTC.e,0x49d5c2bdffac6ce2bfdb6640f4f80f226bc10bab,WETH.e,18,0x50b7545627a5162f82a992c33b87adc75187b218,WBTC.e,8,166.8490027
0x2d205b9845dead678a16815a1a8b4380328549af,WAVAX-DSLA,0xb31f66aa3c1e785363f0875a1b74e27b85fd66c7,WAVAX,18,0xd7c295e399ca928a3a14b01d760e794f1adf8990,DSLA,18,134.7399399
0xbdc94029846f1698fd7f61318501689225fd0c3a,wMEMO-SUSHI.e,0x0da67235dd5787d67955420c84ca1cecd4e5bb3b,wMEMO,18,0x37b608519f91f70f2eeb0e5ed9af4061722e4f76,SUSHI.e,18,133.7318055
0x96075ccad1de34dcc1cb18de8c46845ea95d89a5,ALIENO-USDT.e,0xc0b84a8e91aa93205d4342fd73c0a84141030799,ALIENO,18,0xc7198437980c041c805a1edcba50c1ce5db95118,USDT.e,6,52.20555986
0x3a642516dcb60300b7558c3c813899e799403ef7,wMEMO-USDT.e,0x0da67235dd5787d67955420c84ca1cecd4e5bb3b,wMEMO,18,0xc7198437980c041c805a1edcba50c1ce5db95118,USDT.e,6,87.17967078
0x204ae948fae55288b39c24fb3132ef69c5ec26f2,WAVAX-TIME,0xb31f66aa3c1e785363f0875a1b74e27b85fd66c7,WAVAX,18,0xb54f16fb19478766a268f172c9480f8da1a7c9c3,TIME,9,82.77936029
0x9e163143f6eedd99388295e9f2b60a71303e0c90,BSGG-WAVAX,0x63682bdc5f875e9bf69e201550658492c9763f89,BSGG,18,0xb31f66aa3c1e785363f0875a1b74e27b85fd66c7,WAVAX,18,34.41141956
0x790c840b774d8f02ebdad9ddb74331614b535cef,NRK-DAI.e,0x61a47034276eb993e1c5e67bf1375ad0a48f10f6,NRK,9,0xd586e7f844cea2f87f50152665bcbc2c279d8d70,DAI.e,18,38.03171163
0x27da820d8159942a8882d339195094cc6eb35453,SUSHI-WAVAX,0x39cf1bd5f15fb22ec3d9ff86b0727afc203427cc,SUSHI,18,0xb31f66aa3c1e785363f0875a1b74e27b85fd66c7,WAVAX,18,24.87464694
0x234ab6bf95d3ac105eed3b899a7dc256bc882b13,YEET-WAVAX,0x38b5ff140c4377fd4756fead5110e3bd5251eda8,YEET,18,0xb31f66aa3c1e785363f0875a1b74e27b85fd66c7,WAVAX,18,115.4771805
0x35e50ada0c215f88840ac48ae1e9c51210e34840,DAI.e-EGW,0xd586e7f844cea2f87f50152665bcbc2c279d8d70,DAI.e,18,0xf9e1a4866f344495e1956d59a7e2bcebb0bfbfaf,EGW,18,133.939141
0xe1051d42f623a1794d347aebeb2612bed2ffc667,WBTC.e-WAVAX,0x50b7545627a5162f82a992c33b87adc75187b218,WBTC.e,8,0xb31f66aa3c1e785363f0875a1b74e27b85fd66c7,WAVAX,18,53.77450569
0x10b130a529f9c0c1c9dbe92d5fcd590651e9524d,CDS-WAVAX,0x23f07a1c03e7c6d0c88e0e05e79b6e3511073fd5,CDS,8,0xb31f66aa3c1e785363f0875a1b74e27b85fd66c7,WAVAX,18,28.85069605
0x64e7a80e8781c1c4b852dd9ce34f36c85031349c,WAVAX-AFRO,0xb31f66aa3c1e785363f0875a1b74e27b85fd66c7,WAVAX,18,0xd3f12f3bb379ee6432de9a6ea3174f80c0d23e4e,AFRO,18,97.59345963
0xc31e215405bf5c858301314e9b664293be3d9886,FWBC-WAVAX,0xa87e1377b4e2bfa03a822e4248cb5c5b13a61e92,FWBC,18,0xb31f66aa3c1e785363f0875a1b74e27b85fd66c7,WAVAX,18,98.92454516
0x97de211811e65998759b51ca6c70074bfbd700a5,MIM-TOKEN,0x130966628846bfd36ff31a822705796e8cb8c18d,MIM,18,0xe0474c15bc7f8213ee5bfb42f9e68b2d6be2e136,TOKEN,9,32.11160955
0xe8603f84af197ce4ee0344b9a175853006123602,FIB-WAVAX,0x436e29d38f81afafa08903c5dc268b6be5722e1b,FIB,18,0xb31f66aa3c1e785363f0875a1b74e27b85fd66c7,WAVAX,18,62.51094559
0x7526c534684434f520d40197b708d46086d82d7f,TST$-WAVAX,0x194e63b8ef97fe6bea0f39344598547630048746,TST$,18,0xb31f66aa3c1e785363f0875a1b74e27b85fd66c7,WAVAX,18,20.2470865
0x4828c788d97599f7b4224a0e5dfb2106034e5cec,LIRA-WAVAX,0x8031c44b96ec8c9b66ab16c2c164e8deeb361a3f,LIRA,18,0xb31f66aa3c1e785363f0875a1b74e27b85fd66c7,WAVAX,18,20.02803097
0xa239a92d965d063daa082fa6f2820e8b0e2fee73,USDC.e-TIME,0xa7d7079b0fead91f3e65f86e8915cb59c1a4c664,USDC.e,6,0xb54f16fb19478766a268f172c9480f8da1a7c9c3,TIME,9,36.27459343
0x573d76b5988ff7acecf1e381e1b3589b5ef44a20,WAVAX-ENIAC,0xb31f66aa3c1e785363f0875a1b74e27b85fd66c7,WAVAX,18,0xd54e41a0be7ad7a59384d5972d47cb003134b380,ENIAC,18,82.04254361
0x3dc6edd88bcee513d083c8cffbd5e811e9b4fcf1,WAVAX-ACME,0xb31f66aa3c1e785363f0875a1b74e27b85fd66c7,WAVAX,18,0xd0c893034fc04f603b1d71b00a39923342d312f4,ACME,18,26.0696905
0x3bd621ec8e8d44fa2ee63f809c89e1a2ac9dcfe6,MIM-NRK,0x130966628846bfd36ff31a822705796e8cb8c18d,MIM,18,0x61a47034276eb993e1c5e67bf1375ad0a48f10f6,NRK,9,12.76601697
0xc0ced84c67cbb2d49674ccb234397be8d216c3ac,wMEMO-BSGG,0x0da67235dd5787d67955420c84ca1cecd4e5bb3b,wMEMO,18,0x63682bdc5f875e9bf69e201550658492c9763f89,BSGG,18,26.89310549
0xaec2becb0711b263c665f1bc813c1f53f97c991a,WAVAX-LINK,0xb31f66aa3c1e785363f0875a1b74e27b85fd66c7,WAVAX,18,0xb3fe5374f67d7a22886a0ee082b2e2f9d2651651,LINK,18,10.28011997
0xf272d5d0a633c463e3bf4d14c9fb4704057cd342,WAVAX-UNI,0xb31f66aa3c1e785363f0875a1b74e27b85fd66c7,WAVAX,18,0xf39f9671906d8630812f9d9863bbef5d523c84ab,UNI,18,10.75424316
0xdf347ad511e5cd692e3633fdb623918560e229d0,MIM-SUSHI.e,0x130966628846bfd36ff31a822705796e8cb8c18d,MIM,18,0x37b608519f91f70f2eeb0e5ed9af4061722e4f76,SUSHI.e,18,18.7423773
0x869dac7b2317559aa2938b99baf34c36dedcaa52,GELT-WAVAX,0x1fe7801aaaaead28662c268775e43c1baef5b54d,GELT,18,0xb31f66aa3c1e785363f0875a1b74e27b85fd66c7,WAVAX,18,47.46492049
0x0e76b7725ed30675ac9604d0cf4682d447d169d7,COVT-WAVAX,0x47afacadc6773dc4b8177bc7ac3dd96383800380,COVT,18,0xb31f66aa3c1e785363f0875a1b74e27b85fd66c7,WAVAX,18,10.92425372
0x47f1c2a9c9027a10c3b13d1c40dd976c5014339b,WAVAX-USDT,0xb31f66aa3c1e785363f0875a1b74e27b85fd66c7,WAVAX,18,0xde3a24028580884448a5397872046a019649b084,USDT,6,8.663965684
0x55cf10bfbc6a9deaeb3c7ec0dd96d3c1179cb948,WAVAX-DAI.e,0xb31f66aa3c1e785363f0875a1b74e27b85fd66c7,WAVAX,18,0xd586e7f844cea2f87f50152665bcbc2c279d8d70,DAI.e,18,16.41392871
0xd8fb19187076e25ff90a7bf3a56d3a38ca16cdbf,ACT-WAVAX,0x5b503259fc915928b0bd660f5642c59b52da75a6,ACT,9,0xb31f66aa3c1e785363f0875a1b74e27b85fd66c7,WAVAX,18,9.110971091
0x8f2473319c6ab8bfeac00b2fcc8fb7d0091a9423,VERS-DAI.e,0xaff6268287211783ca7c9934d5234765f57e98b6,VERS,18,0xd586e7f844cea2f87f50152665bcbc2c279d8d70,DAI.e,18,5.037159575
0xfb9f6069045e8386487363b39616fe59b176154f,WBTC.e-BTCBR,0x50b7545627a5162f82a992c33b87adc75187b218,WBTC.e,8,0xb355f4f4cc84a9429a59d5c2b98d77016f7ec482,BTCBR,18,7.210834118
0x4de634acc3a26d2b7b0e5292e3b11102abe3683e,WAVAX-STE,0xb31f66aa3c1e785363f0875a1b74e27b85fd66c7,WAVAX,18,0xe9f9d520b707c7757b62efadf85a97537f8a6045,STE,18,5.815995745
0x2c3e6df8e27dd19399b5880fdbc302de0bc9cdfb,RSD-WAVAX,0x61ed1c66239d29cc93c8597c6167159e8f69a823,RSD,18,0xb31f66aa3c1e785363f0875a1b74e27b85fd66c7,WAVAX,18,15.88779826
0x51d65ebc8a147884d7b1443e92c699c83e2c34ff,SUSHI.e-BTCBR,0x37b608519f91f70f2eeb0e5ed9af4061722e4f76,SUSHI.e,18,0xb355f4f4cc84a9429a59d5c2b98d77016f7ec482,BTCBR,18,5.867689797
0x37bb7fe11a2620cbf30f2a534a763605920e16fe,MIM-SPELL,0x130966628846bfd36ff31a822705796e8cb8c18d,MIM,18,0xce1bffbd5374dac86a2893119683f4911a2f7814,SPELL,18,10.43648403
0xf39aa44bfe0c0168d057c880e6b3be9bc270e05a,HEAL-WAVAX,0x2c1309b52efbf69e3cc497594ad002362f254624,HEAL,12,0xb31f66aa3c1e785363f0875a1b74e27b85fd66c7,WAVAX,18,12.75006453
0x36d9e666444beb8ae525d7ba3a9b3ffdfaf0a066,BITDOLLAR-USDT.e,0x62a1884539b902aee666e88a2c5a364f9b397d76,BITDOLLAR,18,0xc7198437980c041c805a1edcba50c1ce5db95118,USDT.e,6,20.3181015
0xe2d437b507b8d57c8e1b6a99a244bb778a16089c,WAVAX-GRAMZ,0xb31f66aa3c1e785363f0875a1b74e27b85fd66c7,WAVAX,18,0xc1fc15b9eec1a4efd80202cb3d8fed72dc1ed3e9,GRAMZ,18,5.549662858
0x5fbe35bf97f54ec7ca95edbc8dfaeb21514739a7,AAVE.e-WAVAX,0x63a72806098bd3d9520cc43356dd78afe5d386d9,AAVE.e,18,0xb31f66aa3c1e785363f0875a1b74e27b85fd66c7,WAVAX,18,5.618277966
0x484964b2147db26006f1d1d166523bc51b7e919c,WETH.e-BTCBR,0x49d5c2bdffac6ce2bfdb6640f4f80f226bc10bab,WETH.e,18,0xb355f4f4cc84a9429a59d5c2b98d77016f7ec482,BTCBR,18,3.943436118
0x20db83f261dd78f656d47e49f6ba94d05acd9404,SUSHI.e-BSGG,0x37b608519f91f70f2eeb0e5ed9af4061722e4f76,SUSHI.e,18,0x63682bdc5f875e9bf69e201550658492c9763f89,BSGG,18,5.822400014
0xc94b2a34124adfe02b736263683278b63e0fed5b,BTCBR-DAI.e,0xb355f4f4cc84a9429a59d5c2b98d77016f7ec482,BTCBR,18,0xd586e7f844cea2f87f50152665bcbc2c279d8d70,DAI.e,18,3.148376873
0x5c64041545ea7b98f20712ccc8bcdcc6d9194705,WAVAX-BTCBR,0xb31f66aa3c1e785363f0875a1b74e27b85fd66c7,WAVAX,18,0xb355f4f4cc84a9429a59d5c2b98d77016f7ec482,BTCBR,18,2.277567836
0x1b11ca267dbc990f728b0b17b3edbfd92e521b27,LOVE-WAVAX,0x5de95b9e4c2b0fcbc225c797b45a84c4f8499f1a,LOVE,18,0xb31f66aa3c1e785363f0875a1b74e27b85fd66c7,WAVAX,18,2.398311919
0x900052a3cd0738c4a48c24777d5899afc4ae6614,WAVAX-LIRA,0xb31f66aa3c1e785363f0875a1b74e27b85fd66c7,WAVAX,18,0xfd46f44a5ad3227a7325b695b6ea1aa549862309,LIRA,9,2.15123738
0x34371a41b4c236a17ed85689dced682037e69cf5,WAVAX-Rex,0xb31f66aa3c1e785363f0875a1b74e27b85fd66c7,WAVAX,18,0xd48e5873db000e862cea4fd17a07162b9026ee4b,Rex,18,8.111681428
0xd312e3dbf9de7fa7e78bb54316f3c396b0793503,DAWE-WAVAX,0x8d4416fd511895227aa46e7bb655203bef3dcab4,DAWE,18,0xb31f66aa3c1e785363f0875a1b74e27b85fd66c7,WAVAX,18,7.569750195
0x801074a7d13c007045443cd349b40a659dc3068c,WHA-WAVAX,0x53d6cb1396e8ba6d09c553409ccc34f98530d57f,WHA,10,0xb31f66aa3c1e785363f0875a1b74e27b85fd66c7,WAVAX,18,13.42524215
0x4c55851a051f3ae6f6f327c18fe578e52c5c9cfe,#NAME?,0xa608d79c5f695c0d4c0e773a4938b57e18e0fc57,,6,0xc7198437980c041c805a1edcba50c1ce5db95118,USDT.e,6,2.444197372
0xe29fb1242098d3574aeb733ab0a4357b03b8230c,TURI-USDC.e,0x592eb2f978c71dbbb36ef5d3064a32206bd22a21,TURI,18,0xa7d7079b0fead91f3e65f86e8915cb59c1a4c664,USDC.e,6,6.398557889
0x787be602db491e23b9c278673660bbed437f7898,ZERO-WAVAX,0x008e26068b3eb40b443d3ea88c1ff99b789c10f7,ZERO,18,0xb31f66aa3c1e785363f0875a1b74e27b85fd66c7,WAVAX,18,1.672358037
0x4b1a5926c464343b470f1d0a297f1f415096fb5f,YSOT-WAVAX,0x8835f17f07214754bef9180756eeb7c6da116606,YSOT,18,0xb31f66aa3c1e785363f0875a1b74e27b85fd66c7,WAVAX,18,6.514136807
0xa1708efd71e516a2d0ebd7ec8d877c02d4d2de6d,PNG-WAVAX,0x60781c2586d68229fde47564546784ab3faca982,PNG,18,0xb31f66aa3c1e785363f0875a1b74e27b85fd66c7,WAVAX,18,1.76650492
0x3f309dd3d9b8448276f7ee768ae22a28d4b27e29,WAVAX-BRIDGE,0xb31f66aa3c1e785363f0875a1b74e27b85fd66c7,WAVAX,18,0xc0367f9b1f84ca8de127226ac2a994ea4bf1e41b,BRIDGE,18,1.761145384
0x1ddcd23da377dcba6a3ee6a48b38c91163dc415d,LOB-WAVAX,0x9298753d77238d244bc0318bab9d774dea5238a4,LOB,18,0xb31f66aa3c1e785363f0875a1b74e27b85fd66c7,WAVAX,18,4.680406647
0x7fc59de025072756f5c382b157110f94e960019a,WAVAX-CRACK,0xb31f66aa3c1e785363f0875a1b74e27b85fd66c7,WAVAX,18,0xe9d00cbc5f02614d7281d742e6e815a47ce31107,CRACK,9,1.459462364
0x9501a14d772f1aa8aa4fdb042549fe7bef0fd319,wMEMO-SPELL,0x0da67235dd5787d67955420c84ca1cecd4e5bb3b,wMEMO,18,0xce1bffbd5374dac86a2893119683f4911a2f7814,SPELL,18,2.094880811
0x2ae44ebd41eb863da65b320ab7b8688c6f43c156,USDT.e-MINDAUGAS,0xc7198437980c041c805a1edcba50c1ce5db95118,USDT.e,6,0xcab9980aa9ea8a84f33f6ead1883db4d48d9e130,MINDAUGAS,18,4.968649669
0x509210daeca3fa714702becccba4dffacc8e7ef5,MIM-GRAPE,0x130966628846bfd36ff31a822705796e8cb8c18d,MIM,18,0x5541d83efad1f281571b343977648b75d95cdac2,GRAPE,18,0.980267136
0x21fa534b7c81ce348af5af8974509fff431078d4,GREEN-WAVAX,0x10a90575183e8d9c3cc09b684124c58e7c3aeeb0,GREEN,5,0xb31f66aa3c1e785363f0875a1b74e27b85fd66c7,WAVAX,18,3.762361062
0x9bc78a8c926bbfb54f5d34bdb2f4f517e48b6e13,SAITAMA-WAVAX,0x061900514d805c1722be288c090985d29370972d,SAITAMA,9,0xb31f66aa3c1e785363f0875a1b74e27b85fd66c7,WAVAX,18,1.209528636
0x5acc681537336c637a5cb063450f4e96391aaf85,SIPLEAN-DAI.e,0x64bc251b0eb9200948c9155573cd459c5e17c6a4,SIPLEAN,18,0xd586e7f844cea2f87f50152665bcbc2c279d8d70,DAI.e,18,1.101081637
0x96f08adde31aa73c0134f5647d6dcdaa19faac7d,WETH.e-USDT.e,0x49d5c2bdffac6ce2bfdb6640f4f80f226bc10bab,WETH.e,18,0xc7198437980c041c805a1edcba50c1ce5db95118,USDT.e,6,2.076512167
0xf7ec52ce066c8285a2fdf62cc5938b555603732b,LOK-WAVAX,0x4d8d24968458af521ef02aefd95f161df3f9ea01,LOK,18,0xb31f66aa3c1e785363f0875a1b74e27b85fd66c7,WAVAX,18,3.460892175
0xd684802c2eefbacea3809805da517fed9a238a5c,WETH.e-GTPS,0x49d5c2bdffac6ce2bfdb6640f4f80f226bc10bab,WETH.e,18,0xbe217b06d3233d56938aa2a8cd1ac728c9dc848a,GTPS,18,1.028425413
0x58a21026799d1bf3b968a15383db05f61e2bac43,EVDC-WAVAX,0x704eae6d452ca63ce479c59727177c5f3ba0d90c,EVDC,8,0xb31f66aa3c1e785363f0875a1b74e27b85fd66c7,WAVAX,18,1.015172872
0xd597af6297b89fe8631198e4bccae7af6612cd18,WETH.e-GFI,0x49d5c2bdffac6ce2bfdb6640f4f80f226bc10bab,WETH.e,18,0x5e7bd0a28da3f84fad28617959d82d64e1239800,GFI,18,0.675770799
0x219eecb04ff04af03e240118d0784e368ee0436f,WBTC.e-USDT.e,0x50b7545627a5162f82a992c33b87adc75187b218,WBTC.e,8,0xc7198437980c041c805a1edcba50c1ce5db95118,USDT.e,6,1.081596792
0xe943e645c98962119e069f70aec325e22ac3741a,SUSHI.e-WETH.e,0x37b608519f91f70f2eeb0e5ed9af4061722e4f76,SUSHI.e,18,0x49d5c2bdffac6ce2bfdb6640f4f80f226bc10bab,WETH.e,18,1.039212701
0x8e0ba7c64e2e69c56cba9f59a37884559a1b7409,MIM-PENDLE,0x130966628846bfd36ff31a822705796e8cb8c18d,MIM,18,0xfb98b335551a418cd0737375a2ea0ded62ea213b,PENDLE,18,0.726695641
0x1538d42faa3ffbe055a3a0e75ae616c303f2cea5,sSPELL-WAVAX,0x3ee97d514bbef95a2f110e6b9b73824719030f7a,sSPELL,18,0xb31f66aa3c1e785363f0875a1b74e27b85fd66c7,WAVAX,18,1.113583045
0x8ed9dd1986546fbf5ee6ebbdec934a24074fd3fa,VOID-WAVAX,0x02fe8adc1b58a63ccb1bb8c39930dcedd7cef4db,VOID,18,0xb31f66aa3c1e785363f0875a1b74e27b85fd66c7,WAVAX,18,0.501224117
0xa980deafc4b206fc6f3f28a40e8f3a18eeb0c4c7,ACME-WAVAX,0x5bb7c73e0939cd985e2184ee751f9193e599052b,ACME,18,0xb31f66aa3c1e785363f0875a1b74e27b85fd66c7,WAVAX,18,0.370542057
0xae0ffc93315a5215047ded27880ac50a537e0a2e,WBTC-WAVAX,0x408d4cd0adb7cebd1f1a1c33a0ba2098e1295bab,WBTC,8,0xb31f66aa3c1e785363f0875a1b74e27b85fd66c7,WAVAX,18,0.447822005
0x7e5e4b677c2a682b6d2e95ae3ec07ae1ea7d3ab5,USDt-WAVAX,0x9702230a8ea53601f5cd2dc00fdbc13d4df4a8c7,USDt,6,0xb31f66aa3c1e785363f0875a1b74e27b85fd66c7,WAVAX,18,0.623286324
0xcb1414dfa696db18810436cd441b4e5ec21b11f2,SUSHI.e-USDC.e,0x37b608519f91f70f2eeb0e5ed9af4061722e4f76,SUSHI.e,18,0xa7d7079b0fead91f3e65f86e8915cb59c1a4c664,USDC.e,6,0.531877052
0x34f06644d50c979f78aa007e5e61d0040762b15e,WAVAX-MOVR,0xb31f66aa3c1e785363f0875a1b74e27b85fd66c7,WAVAX,18,0xf873633df9d5cdd62bb1f402499cc470a72a02d7,MOVR,18,0.280547411
0x64243c2cf1a6bf5d5c537f8617f74db0f7523154,MIM-RGK,0x130966628846bfd36ff31a822705796e8cb8c18d,MIM,18,0x5472e93626803ff5c8821d98e8608c39ca33a11c,RGK,9,0.334414983
0x35eb96913cbbb127e24b00deb4a26f67f2510ea2,MIM-DIGITS,0x130966628846bfd36ff31a822705796e8cb8c18d,MIM,18,0xfbb4a402adc589b06fff952d36f860dd78ea24be,DIGITS,18,0.998457466
0x5fc64d152a18db272b1b3d4b01f51a92186c4dac,VDZY-WAVAX,0x01fa33e38fed26bc9568b8cb595c76b46fe3a1b6,VDZY,18,0xb31f66aa3c1e785363f0875a1b74e27b85fd66c7,WAVAX,18,0.736385183
0x518e5fad6febb2203fadd611512a441f716e74b5,Bil-WAVAX,0x4a3418ebc0315092d87fb2c6297f552768cc4c74,Bil,8,0xb31f66aa3c1e785363f0875a1b74e27b85fd66c7,WAVAX,18,0.671891896
0xde687f9aad2c5033b84d62281241ebb0ee055f62,wMEMO-TIME,0x0da67235dd5787d67955420c84ca1cecd4e5bb3b,wMEMO,18,0xb54f16fb19478766a268f172c9480f8da1a7c9c3,TIME,9,0.313664106
0xd311cb6617f0703d9dd81c88f3aaaf9fa3c0468d,wMEMO-WETH.e,0x0da67235dd5787d67955420c84ca1cecd4e5bb3b,wMEMO,18,0x49d5c2bdffac6ce2bfdb6640f4f80f226bc10bab,WETH.e,18,0.357393016
0x9ae33cb6e78aeeb65b839c3076616562bb568f71,t-WAVAX,0x5279d013f9bdfe00a0ed20c03ae0217b760def88,t,18,0xb31f66aa3c1e785363f0875a1b74e27b85fd66c7,WAVAX,18,0.72750159
0xd3dd79436f4f11ecb5f809253fba824457de7dfe,ICY-WAVAX,0x78bf833aae77ebf62c21a9a5a6993a691810f2e1,ICY,9,0xb31f66aa3c1e785363f0875a1b74e27b85fd66c7,WAVAX,18,0.119325193
0x393fdeb9eb0c190372969e5f10a8b86e70609959,FM-USDT.e,0x03943c3ef00d92e130185cebc0bcc435def2cc94,FM,18,0xc7198437980c041c805a1edcba50c1ce5db95118,USDT.e,6,0.10083167
0x9703e3cf7a02e89fd95dc0ec540bc2b73fde2442,JOE-USDT.e,0x6e84a6216ea6dacc71ee8e6b0a5b7322eebc0fdd,JOE,18,0xc7198437980c041c805a1edcba50c1ce5db95118,USDT.e,6,0.130933114
0xd545d487c6f54ad6747633cac513d3992276b679,wMEMO-WBTC.e,0x0da67235dd5787d67955420c84ca1cecd4e5bb3b,wMEMO,18,0x50b7545627a5162f82a992c33b87adc75187b218,WBTC.e,8,0.223720857
0x3f152b67fd8739fc3a48fbbfc445f5ee2bb591b5,USDT.e-DAI.e,0xc7198437980c041c805a1edcba50c1ce5db95118,USDT.e,6,0xd586e7f844cea2f87f50152665bcbc2c279d8d70,DAI.e,18,0.193360495
0x6d1ec26876aabb159ed235ccb8aac4848fba26c0,CROWN-USDC.e,0x39912d83acb4a373321387300f4fbe88aa5d6f14,CROWN,9,0xa7d7079b0fead91f3e65f86e8915cb59c1a4c664,USDC.e,6,0.084938347
0x22b97cd8e0dba9bb6d15eb97c94faa8182f48ab3,WAVAX-AES,0xb31f66aa3c1e785363f0875a1b74e27b85fd66c7,WAVAX,18,0xfbca7ab8ecba28eaddfd189ebccb6fcde95b8e2a,AES,18,0.300234914
0x37adc4f9f585d20a844ec018e541759eba11656c,ACME-USDT.e,0x5bb7c73e0939cd985e2184ee751f9193e599052b,ACME,18,0xc7198437980c041c805a1edcba50c1ce5db95118,USDT.e,6,0.073003434
0xb346ab8d4261a7ae855448fe456b7e36bc64b69b,WAVAX-TOURN,0xb31f66aa3c1e785363f0875a1b74e27b85fd66c7,WAVAX,18,0xea31cb7674b192ecda6d32fdfdd136cee651b6f2,TOURN,18,0.525970469
0xf152b27df4c6cb6a10bc7d573ea4fbf6569266cd,WAVAX-xPEFI,0xb31f66aa3c1e785363f0875a1b74e27b85fd66c7,WAVAX,18,0xd79a36056c271b988c5f1953e664e61416a9820f,xPEFI,18,0.278818388
0xe41f8117d6828482d4797bd305eac7159dcbc10c,GRT.e-WAVAX,0x8a0cac13c7da965a312f08ea4229c37869e85cb9,GRT.e,18,0xb31f66aa3c1e785363f0875a1b74e27b85fd66c7,WAVAX,18,0.054977697
0xc6ddb9718720fa3755672c40b55a5b9d5977eee8,WAVAX-Kiw,0xb31f66aa3c1e785363f0875a1b74e27b85fd66c7,WAVAX,18,0xdfc930a10177944a05ae598fba37c82f4c589b6d,Kiw,18,0.115748304
0x40df2c0d151df5b50d34aa518b0fce46e556937d,Bud-WAVAX,0x37e0242c1f261802439558b618108aceb0b50f6b,Bud,18,0xb31f66aa3c1e785363f0875a1b74e27b85fd66c7,WAVAX,18,0.116942369
0x8e79e7a048f0402d9bbcf69cea98523fda84be7c,WAVAX-Mon,0xb31f66aa3c1e785363f0875a1b74e27b85fd66c7,WAVAX,18,0xd4cf279b7352cd0bf9327cd2ecea078ebbed5676,Mon,18,0.117004107
0x6849962a9c534d1c3741a0ec1b1361a5c97a7952,Bil-WAVAX,0x74a9521f9a8777bbf92ef769c5d61f251d0adffe,Bil,18,0xb31f66aa3c1e785363f0875a1b74e27b85fd66c7,WAVAX,18,0.117480386
0x12b1425911864bc118e384ea9e8f33a4c30abd4b,Sat-WAVAX,0x52768a41443eb50bce4f1f8463d212ab31f56949,Sat,18,0xb31f66aa3c1e785363f0875a1b74e27b85fd66c7,WAVAX,18,0.1173332
0x33a0825d4f7374ccdfb52524cd3f8cb8398280be,SHIB.e-WAVAX,0x02d980a0d7af3fb7cf7df8cb35d9edbcf355f665,SHIB.e,18,0xb31f66aa3c1e785363f0875a1b74e27b85fd66c7,WAVAX,18,0.063230331
0xab7ca7619d7a884b152c13bf6f88fc9d4ebfb621,SUSHI.e-ACME,0x37b608519f91f70f2eeb0e5ed9af4061722e4f76,SUSHI.e,18,0x5bb7c73e0939cd985e2184ee751f9193e599052b,ACME,18,0.031001674
0xfee7a0fd5cde5e3fb0e0bd30026547715ab7450d,WETH.e-SPELL,0x49d5c2bdffac6ce2bfdb6640f4f80f226bc10bab,WETH.e,18,0xce1bffbd5374dac86a2893119683f4911a2f7814,SPELL,18,0.047667464
0x0ca0ff7eaae72faab1df7e1a1c0afcf7d0a68dfd,WETH.e-AAVE.e,0x49d5c2bdffac6ce2bfdb6640f4f80f226bc10bab,WETH.e,18,0x63a72806098bd3d9520cc43356dd78afe5d386d9,AAVE.e,18,0.028563006
0x0fe8cc7d92cc882a59f86235cc99be6bea9a740d,RGK-WAVAX,0x5472e93626803ff5c8821d98e8608c39ca33a11c,RGK,9,0xb31f66aa3c1e785363f0875a1b74e27b85fd66c7,WAVAX,18,0.110924202
0xd57a18913f6b7e96225f9ba317f4249663df29ce,WETH.e-USDC,0x49d5c2bdffac6ce2bfdb6640f4f80f226bc10bab,WETH.e,18,0xb97ef9ef8734c71904d8002f8b6bc66dd9c48a6e,USDC,6,0.051647596
0xadc08276e9e60bac28f5728bd08272104ef70785,CRV-WAVAX,0x47536f17f4ff30e64a96a7555826b8f9e66ec468,CRV,18,0xb31f66aa3c1e785363f0875a1b74e27b85fd66c7,WAVAX,18,0.065792722
0xedda14aeedb9e607dce88aaf91d079de66f3ace0,GED-DAI.e,0x27c272d56a043d57e1c8c86a974052103774bdbf,GED,18,0xd586e7f844cea2f87f50152665bcbc2c279d8d70,DAI.e,18,0.052214973
0x1cfea18fa40990c0a6662504d78e881a3ef6d7bf,MIM-LUCKY,0x130966628846bfd36ff31a822705796e8cb8c18d,MIM,18,0xf945e994d8b42157cc3806eaed6dc85bb10dabd0,LUCKY,9,0.100019477
0x0208f3e7fd7da812be2d54610b61f15b5be43fbf,MOON-WAVAX,0x4acce12425695debf1c54c40423db998adf41d9b,MOON,18,0xb31f66aa3c1e785363f0875a1b74e27b85fd66c7,WAVAX,18,0.016830662
0xf3c18b71080defee88afbf957e1ed468a03b8d53,BUNIV-WAVAX,0x1c47a860276407a57349ab6aa37d4935522e9942,BUNIV,18,0xb31f66aa3c1e785363f0875a1b74e27b85fd66c7,WAVAX,18,0.075989625
0xdfa9246ea4cf0c5c1c680d0a2ba9ce085e4af594,WAVAX-Rex2,0xb31f66aa3c1e785363f0875a1b74e27b85fd66c7,WAVAX,18,0xd88b18a20fcf47d62aac91a1db5f3857f3433783,Rex2,18,0.080050708
0xcdf9563bc8c3384af24f373f4800ef713103aca9,WAVAX-SLP,0xb31f66aa3c1e785363f0875a1b74e27b85fd66c7,WAVAX,18,0xf3c18b71080defee88afbf957e1ed468a03b8d53,SLP,18,0.078916139
0x0fb747d5db225d381b7b5baa466be0c1390da767,Rex3-WAVAX,0x9510880baae443c1af131dca014154953590c337,Rex3,18,0xb31f66aa3c1e785363f0875a1b74e27b85fd66c7,WAVAX,18,0.078482591
0x4dc85c4fcfa2e9ff11fa7f6b4003ab96d758b5d6,WAVAX-Rex2,0xb31f66aa3c1e785363f0875a1b74e27b85fd66c7,WAVAX,18,0xb85fa42dcb31a1733a4f816bd6aa966614316fbd,Rex2,18,0.079501896
0x2baf212196b0e85946cca6e9f1b219431d4b9d06,TITS-WAVAX,0x135f60309b7ed333fdbe1b64019da721e5dc0036,TITS,18,0xb31f66aa3c1e785363f0875a1b74e27b85fd66c7,WAVAX,18,0.076400948
0x29e10f100ac90cd7c0cc704c6d0425df04d43613,WAVAX-SNRW,0xb31f66aa3c1e785363f0875a1b74e27b85fd66c7,WAVAX,18,0xe677bdc4f5ac7ef7701f4199f25abad34d41fd7f,SNRW,18,0.022840756
0x04ef83409cfcc447e5c32a41aedaa102464e2297,SUSHI.e-SPELL,0x37b608519f91f70f2eeb0e5ed9af4061722e4f76,SUSHI.e,18,0xce1bffbd5374dac86a2893119683f4911a2f7814,SPELL,18,0.034501673
0x255db3524d1adc999c1088153ec6aedeb96c285a,WETH.e-deGTPS,0x49d5c2bdffac6ce2bfdb6640f4f80f226bc10bab,WETH.e,18,0xa07c8b1083679320f79d359d33535af0cf697769,deGTPS,18,0.018851893
0x31a6c8706b8114691bc42eec6266ceefe1781471,MSAA-WAVAX,0x38b00fdf5f57831ca168676a71d860d1f084c84c,MSAA,18,0xb31f66aa3c1e785363f0875a1b74e27b85fd66c7,WAVAX,18,0.019724783
0x78c13e7549b56503dc11a1dbec284ac01ea24e32,LOA-WAVAX,0x5bcde17c50652ad6148c970f10bf06647137a7e4,LOA,18,0xb31f66aa3c1e785363f0875a1b74e27b85fd66c7,WAVAX,18,0.089498886
0x349495df940d3b42e7132215ff654564a8bdf3ca,TOURN-WAVAX,0x11b087545a5b6c8b6db20a4b910860f5a75e1d8c,TOURN,18,0xb31f66aa3c1e785363f0875a1b74e27b85fd66c7,WAVAX,18,0.045893511
0x622539d512d66e0feb890e88e0f4f8f4cf8b212f,KIOO-WAVAX,0x45cdaf3fd17bd31d9830fa977159162dd2431683,KIOO,18,0xb31f66aa3c1e785363f0875a1b74e27b85fd66c7,WAVAX,18,0.009281628
0x7223aaf122c5e206dfda6b18f4eafbd539d94fef,WAVAX-FAE,0xb31f66aa3c1e785363f0875a1b74e27b85fd66c7,WAVAX,18,0xcf8e47742f02f8240dd7655aec207b02de45d998,FAE,18,0.084684696
0xb0f5ac7c69c582aa8f5df254717ef547d6e4ac0e,WAVAX-FRAX,0xb31f66aa3c1e785363f0875a1b74e27b85fd66c7,WAVAX,18,0xdc42728b0ea910349ed3c6e1c9dc06b5fb591f98,FRAX,18,0.034863227
0xc873c6f57f7304a840b2341778e6ff0df6a0b7b9,CRA-WAVAX,0xa32608e873f9ddef944b24798db69d80bbb4d1ed,CRA,18,0xb31f66aa3c1e785363f0875a1b74e27b85fd66c7,WAVAX,18,0.007064308
0x576007651142dd1056e8a792533a9c4925748660,WAVAX-PEFI,0xb31f66aa3c1e785363f0875a1b74e27b85fd66c7,WAVAX,18,0xe896cdeaac9615145c0ca09c8cd5c25bced6384c,PEFI,18,0.015049687
0xdb6d6cfeb658860d16de46d203ab8e7f9decb6d4,MIM-SIPLEAN,0x130966628846bfd36ff31a822705796e8cb8c18d,MIM,18,0x64bc251b0eb9200948c9155573cd459c5e17c6a4,SIPLEAN,18,0.026837255
0xac193a657065571bcb000c3d45857e453bfa2e6b,COOK-WAVAX,0x637afeff75ca669ff92e4570b14d6399a658902f,COOK,18,0xb31f66aa3c1e785363f0875a1b74e27b85fd66c7,WAVAX,18,0.037702964
0x024b853ed4cb80f57b9e3989c0f4bd416a995861,LVL-WAVAX,0x33c7ca334a963e9c8c8b105aa097a7e392a286c7,LVL,8,0xb31f66aa3c1e785363f0875a1b74e27b85fd66c7,WAVAX,18,0.006208418
0x45f4e85d325f55c1d395d0424abe3565709d5920,WAVAX-OTK,0xb31f66aa3c1e785363f0875a1b74e27b85fd66c7,WAVAX,18,0xd3fdec48a7a582c69ffab0a9749c6773e9eafcca,OTK,18,0.004747624
0xead6684e18499a43fc020d2d54cdab8c5ad858c2,TITS-WAVAX,0x59167b7449e942b893dcc2d3e0d403701ab3e1c8,TITS,18,0xb31f66aa3c1e785363f0875a1b74e27b85fd66c7,WAVAX,18,0.01853244
0xcb03b08d09368592beab3b895558431fcc2086be,OH-WAVAX,0x937e077abaea52d3abf879c9b9d3f2ebd15baa21,OH,18,0xb31f66aa3c1e785363f0875a1b74e27b85fd66c7,WAVAX,18,0.004431485
0x7aded8786cf28373ca1c671868a9dee6c9c5a434,WAVAX-GTPS,0xb31f66aa3c1e785363f0875a1b74e27b85fd66c7,WAVAX,18,0xbe217b06d3233d56938aa2a8cd1ac728c9dc848a,GTPS,18,0.004827568
0x15b20146f1c74ae9eb863c4f772f307342f3750e,GTPS-WETH.e,0x0fc6bed37833fcc6381b36e7ef7534be8029a9c3,GTPS,18,0x49d5c2bdffac6ce2bfdb6640f4f80f226bc10bab,WETH.e,18,0.00502217
0xb73c30c2741b8c62730b58b10ceaa55bddda7327,JOE-WAVAX,0x6e84a6216ea6dacc71ee8e6b0a5b7322eebc0fdd,JOE,18,0xb31f66aa3c1e785363f0875a1b74e27b85fd66c7,WAVAX,18,0.004262231
0xb1b9f5981079fb7cce67cfc1f104a3cccef1bc86,CROWN-WAVAX,0x39912d83acb4a373321387300f4fbe88aa5d6f14,CROWN,9,0xb31f66aa3c1e785363f0875a1b74e27b85fd66c7,WAVAX,18,0.012170526
0xb266d875bb62497c9abbab7bd0da6e45391a9546,WETH.e-LINK.e,0x49d5c2bdffac6ce2bfdb6640f4f80f226bc10bab,WETH.e,18,0x5947bb275c521040051d82396192181b413227a3,LINK.e,18,0.002782966
0xe2553db876922acbfb8ec5d7e46e0c89d0dc6375,ABR-WAVAX,0xafc43610c7840b20b90caaf93759be5b54b291c9,ABR,18,0xb31f66aa3c1e785363f0875a1b74e27b85fd66c7,WAVAX,18,0.011989496
0xc4c4ecd2e98ebb3754a00b04345ce7ec98c9ce08,DAI.e-DIGITS,0xd586e7f844cea2f87f50152665bcbc2c279d8d70,DAI.e,18,0xd9f64084af01a73628fa79b1d65c5000795ddb99,DIGITS,18,0.010019187
0x034c1b19dab61b5de448efc1e10a2e592725c893,WAVAX-DAI,0xb31f66aa3c1e785363f0875a1b74e27b85fd66c7,WAVAX,18,0xba7deebbfc5fa1100fb055a87773e1e99cd3507a,DAI,18,0.00201957
0x3ab52b93fa04803508a3154a257f0498289dd58d,wMEMO-xJOE,0x0da67235dd5787d67955420c84ca1cecd4e5bb3b,wMEMO,18,0x57319d41f71e81f3c65f2a47ca4e001ebafd4f33,xJOE,18,0.012112996
0xc96e21667d0faabb02e5c6a1f9355d99f9b16cd4,BLIZZ-WAVAX,0xb147656604217a03fe2c73c4838770df8d9d21b8,BLIZZ,18,0xb31f66aa3c1e785363f0875a1b74e27b85fd66c7,WAVAX,18,0.012895783
0xdbb74cb11ca8df13448f7d1319f10c457256b452,WETH.e-SERENE,0x49d5c2bdffac6ce2bfdb6640f4f80f226bc10bab,WETH.e,18,0x7f352fa977713019c484c58e9bdfb04910016871,SERENE,18,0.002680556
0xb382f48ee9b6be5439fe4e344768ede76fe05f6e,UNIV-WAVAX,0x959b88966fc5b261df8359961357d34f4ee27b4a,UNIV,18,0xb31f66aa3c1e785363f0875a1b74e27b85fd66c7,WAVAX,18,0.00190753
0xa0f33239aec59b6dace0f16aa991e0bc262a3e98,AMPL-WAVAX,0x027dbca046ca156de9622cd1e2d907d375e53aa7,AMPL,9,0xb31f66aa3c1e785363f0875a1b74e27b85fd66c7,WAVAX,18,0.001894691
0xbaaed274b088e3bd4e30fea26519ed7d23b7c7c6,FVAX-WAVAX,0x563ca8141849cdbc70201554b6cf20a2d469ea81,FVAX,8,0xb31f66aa3c1e785363f0875a1b74e27b85fd66c7,WAVAX,18,0.007193545
0xede97b96adc4593c12aead144b6f2887375a0506,WAVAX-SNOB,0xb31f66aa3c1e785363f0875a1b74e27b85fd66c7,WAVAX,18,0xc38f41a296a4493ff429f1238e030924a1542e50,SNOB,18,0.001291021
0xef0918db71dce3735da2b1ed097cbb380bdafde8,AMPL-USDC.e,0x027dbca046ca156de9622cd1e2d907d375e53aa7,AMPL,9,0xa7d7079b0fead91f3e65f86e8915cb59c1a4c664,USDC.e,6,0.005533078
0x80a483b8dd375b1a20de8a0c08602bc95a30d35f,MIM-SDOG,0x130966628846bfd36ff31a822705796e8cb8c18d,MIM,18,0xde9e52f1838951e4d2bb6c59723b003c353979b6,SDOG,9,0.001068643
0x32879d0d48683fd0802e9a65c6959eeefd682e3f,MIM-sSPELL,0x130966628846bfd36ff31a822705796e8cb8c18d,MIM,18,0x3ee97d514bbef95a2f110e6b9b73824719030f7a,sSPELL,18,0.001114617
0x801a6792604f83485e4993047e7508063c04d605,STORM-WAVAX,0x6afd5a1ea4b793cc1526d6dc7e99a608b356ef7b,STORM,18,0xb31f66aa3c1e785363f0875a1b74e27b85fd66c7,WAVAX,18,0.004117728
0x998542870912c50806800be82dc79eed82c992e4,wMEMO-JOE,0x0da67235dd5787d67955420c84ca1cecd4e5bb3b,wMEMO,18,0x6e84a6216ea6dacc71ee8e6b0a5b7322eebc0fdd,JOE,18,0.00326216
0x81367146505946ab226c0b518d50f9c9222ac0f4,SUSHI.e-TIME,0x37b608519f91f70f2eeb0e5ed9af4061722e4f76,SUSHI.e,18,0xb54f16fb19478766a268f172c9480f8da1a7c9c3,TIME,9,0.002106284
0xf967658df1cfe8963b06e6a9f8028ac80ddc1b80,WAVAX-TUS,0xb31f66aa3c1e785363f0875a1b74e27b85fd66c7,WAVAX,18,0xf693248f96fe03422fea95ac0afbbbc4a8fdd172,TUS,18,0.000749117
0x2895eca1b0a49184a6c680d0bc5d46ef51ea2c95,MELT-WAVAX,0x47eb6f7525c1aa999fbc9ee92715f5231eb1241d,MELT,18,0xb31f66aa3c1e785363f0875a1b74e27b85fd66c7,WAVAX,18,0.002129692
0x673439dce4d22c0ea9abef985c4aac036b7d561e,WAVAX-PER,0xb31f66aa3c1e785363f0875a1b74e27b85fd66c7,WAVAX,18,0xf8eb54c65eb9ade9b7c5e41b76058d284ebff472,PER,18,0.000538865
0xb3faef8fd91c589652a42b378d7c8e79c5087810,ALPHA-WAVAX,0x7194cb1e942ba5c8e4801e953bfc801f0b737439,ALPHA,9,0xb31f66aa3c1e785363f0875a1b74e27b85fd66c7,WAVAX,18,0.001104524
0xb6a3ae0d42e92a5ddf8eff130b71b1eeece14a4d,TAC-WAVAX,0x8bb0b9d6e637249b32f4c45f9eefe73d4a1ea9cc,TAC,18,0xb31f66aa3c1e785363f0875a1b74e27b85fd66c7,WAVAX,18,0.000802364
0xac6e3ed880c2cfc8224ac6062577edc393a7480f,WAVAX-CLY,0xb31f66aa3c1e785363f0875a1b74e27b85fd66c7,WAVAX,18,0xec3492a2508ddf4fdc0cd76f31f340b30d1793e6,CLY,18,0.000794462
0xd09eb71f553400164c56ccdd22f7f6e07707793a,wMEMO-SLP,0x0da67235dd5787d67955420c84ca1cecd4e5bb3b,wMEMO,18,0x4d308c46ea9f234ea515cc51f16fba776451cac8,SLP,18,0.000160627
0xfcf7a3bde63fd065bb23544df8fe4d9ec3c4b51e,BSGG-TIME,0x63682bdc5f875e9bf69e201550658492c9763f89,BSGG,18,0xb54f16fb19478766a268f172c9480f8da1a7c9c3,TIME,9,0.000146519
0x2d83ce7e3781e2e08622fd1cdfabb65af3fa4f58,PXT2-WAVAX,0x9e20af05ab5fed467dfdd5bb5752f7d5410c832e,PXT2,18,0xb31f66aa3c1e785363f0875a1b74e27b85fd66c7,WAVAX,18,0.000413619
0x204e814dd86de92f4148733d68ed88300fc50f89,ISA-WAVAX,0x3eefb18003d033661f84e48360ebecd181a84709,ISA,18,0xb31f66aa3c1e785363f0875a1b74e27b85fd66c7,WAVAX,18,6.85E-05
0xaae274fe35c502698599690795ff215913dbe8fd,USDC-DAI.e,0xb97ef9ef8734c71904d8002f8b6bc66dd9c48a6e,USDC,6,0xd586e7f844cea2f87f50152665bcbc2c279d8d70,DAI.e,18,0.000210439
0x7af2fd8e8094b902f457af489fc79f0aac63ce41,MIM-SLP,0x130966628846bfd36ff31a822705796e8cb8c18d,MIM,18,0x4d308c46ea9f234ea515cc51f16fba776451cac8,SLP,18,0.000107345
0x0f8e1769ab92882f76a6aff70a54b39906290dce,WETH.e-PBL,0x49d5c2bdffac6ce2bfdb6640f4f80f226bc10bab,WETH.e,18,0xc5c71cd0b734dae8c6eba9d79c3db693d112dda1,PBL,18,0.000109289
0xd4f8b6fc89dcd79f3ba297c6180fd1028d69b9ed,MIM-WETH.e,0x130966628846bfd36ff31a822705796e8cb8c18d,MIM,18,0x49d5c2bdffac6ce2bfdb6640f4f80f226bc10bab,WETH.e,18,0.00016282
0x349efd3f57a4a627affd500c7c47f990a8175329,SIPLEAN-USDT.e,0x64bc251b0eb9200948c9155573cd459c5e17c6a4,SIPLEAN,18,0xc7198437980c041c805a1edcba50c1ce5db95118,USDT.e,6,0.000220681
0xa25bc1de9c55ff697a6caa74ef6c51b131a14244,SIPLEAN-USDC.e,0x64bc251b0eb9200948c9155573cd459c5e17c6a4,SIPLEAN,18,0xa7d7079b0fead91f3e65f86e8915cb59c1a4c664,USDC.e,6,0.000122059
0x322650194d9a421394f4559ca9c7594bddb748e4,MIM-SRA,0x130966628846bfd36ff31a822705796e8cb8c18d,MIM,18,0x877ade8c5f4f9cccede050beb1f1a52554c707ce,SRA,9,0.000100399
0x9f10f842145dd5354a28cb16b7d5f946232d66e0,TITANO-WAVAX,0x551267b11706b0fcca2ba621661ea83400526c12,TITANO,18,0xb31f66aa3c1e785363f0875a1b74e27b85fd66c7,WAVAX,18,5.12E-05
0xfbb4c95840f1bc947983ce0143667c45f2b582fe,YAW100-USDC.e,0x3893c15fc570487e745c9fb5c1093cdd226ad64e,YAW100,18,0xa7d7079b0fead91f3e65f86e8915cb59c1a4c664,USDC.e,6,1.01E-06
0x8e6e3a753856d1cf3825b154d5511de320e1ced3,YAW-USDC.e,0x93ca13028aa1658327e65f18d3f68f9905f8436e,YAW,18,0xa7d7079b0fead91f3e65f86e8915cb59c1a4c664,USDC.e,6,1.01E-06
0x764c6ea377d3e1282e2cddc13b6d546c51071829,BIT-USDT.e,0x656b51cb40292f60bbbbb80262bafc28ca7115d5,BIT,18,0xc7198437980c041c805a1edcba50c1ce5db95118,USDT.e,6,1.01E-06
0x1aaa28a4b6aacad1ee55b6e44d6b557976235724,USDC.e-MU,0xa7d7079b0fead91f3e65f86e8915cb59c1a4c664,USDC.e,6,0xd036414fa2bcbb802691491e323bff1348c5f4ba,MU,18,9.94E-07
0xe9b119fd58b0c30ed6460c6293d36f54dda68a39,BSGG-USDT.e,0x63682bdc5f875e9bf69e201550658492c9763f89,BSGG,18,0xc7198437980c041c805a1edcba50c1ce5db95118,USDT.e,6,9.91E-07
0xf642f80655c63f687eaf12838ceaf2909d31ef52,gOHM-WAVAX,0x321e7092a180bb43555132ec53aaa65a5bf84251,gOHM,18,0xb31f66aa3c1e785363f0875a1b74e27b85fd66c7,WAVAX,18,1.46E-07
0x0e6c7e325e835933043fbc14889555d3a4f925bf,MIM-USDT.e,0x130966628846bfd36ff31a822705796e8cb8c18d,MIM,18,0xc7198437980c041c805a1edcba50c1ce5db95118,USDT.e,6,1.01E-06
0x7a8cc3fc25687526871ba9fc238dab6d3d210b69,USDC.e-SPELL,0xa7d7079b0fead91f3e65f86e8915cb59c1a4c664,USDC.e,6,0xce1bffbd5374dac86a2893119683f4911a2f7814,SPELL,18,1.01E-06
0x7a6f4ce1180f0ff874a2a31141f85d5ec1b8149d,EROS-DAI.e,0x36382b14f1e7a70d71e5a6c31f9d5d917707a70f,EROS,3,0xd586e7f844cea2f87f50152665bcbc2c279d8d70,DAI.e,18,6.30E-08
0x6066f756b0726ac832ff14b07ffaeb49616ed173,ZRX.e-WAVAX,0x596fa47043f99a4e0f122243b841e55375cde0d2,ZRX.e,18,0xb31f66aa3c1e785363f0875a1b74e27b85fd66c7,WAVAX,18,4.08E-08
0x2c50f9fdd6aca6b69a1317b8ea58c42ea67c3d0d,WETH.e-ICE,0x49d5c2bdffac6ce2bfdb6640f4f80f226bc10bab,WETH.e,18,0xe0ce60af0850bf54072635e66e79df17082a1109,ICE,18,2.77E-08
0xfbbf95f1a2bd79fae772d14f18e38e8d4357a289,pPOPS-WAVAX,0x270ae074bafa4f8b2751363721badc81a09dc0b0,pPOPS,18,0xb31f66aa3c1e785363f0875a1b74e27b85fd66c7,WAVAX,18,3.26E-09
0xb5cec7c5896f790a8d7c5588662d2a0eefe4726c,$NFG-WAVAX,0x7d60c4862bf03905cebf9af435cf9229525361d4,$NFG,18,0xb31f66aa3c1e785363f0875a1b74e27b85fd66c7,WAVAX,18,9.31E-09
0xd53d98f54e7db49a1536c3dace21b0584bf8c70f,AMPL-WETH.e,0x027dbca046ca156de9622cd1e2d907d375e53aa7,AMPL,9,0x49d5c2bdffac6ce2bfdb6640f4f80f226bc10bab,WETH.e,18,2.01E-09
0x3a9118436e893e7044762ef2085fde1698c223ab,STBL-WAVAX,0x296865984b9a240d3fc50077a1bf28deeec164cf,STBL,9,0xb31f66aa3c1e785363f0875a1b74e27b85fd66c7,WAVAX,18,9.91E-10
0x53212695048d8637d2224dab157a7358df52901a,MIM-CROWN,0x130966628846bfd36ff31a822705796e8cb8c18d,MIM,18,0x39912d83acb4a373321387300f4fbe88aa5d6f14,CROWN,9,2.78E-10
0x320f2d7eab9d8aa30337f71a6e5e3fdf2e749c2c,MIM-STBL,0x130966628846bfd36ff31a822705796e8cb8c18d,MIM,18,0x296865984b9a240d3fc50077a1bf28deeec164cf,STBL,9,3.38E-11
0x0955d47ce44f7a44a433f0835dbb66cd964b4977,WAVAX-AKITA,0xb31f66aa3c1e785363f0875a1b74e27b85fd66c7,WAVAX,18,0xcaf5191fc480f43e4df80106c7695eca56e48b18,AKITA,18,1.97E-11
0x3026eee7df0c3376663405b525981a44db3266bd,WAVAX-TEST,0xb31f66aa3c1e785363f0875a1b74e27b85fd66c7,WAVAX,18,0xe8ac210cd57d5672c24d7a88e8940897ecfa493c,TEST,8,8.00E-12
0x75da2bb7fb8c244b6e2fd95e55e4b70f6e904adc,WINX-WAVAX,0x93eb4003a17119cbc3704dfd2cf218b5f2837fc6,WINX,9,0xb31f66aa3c1e785363f0875a1b74e27b85fd66c7,WAVAX,18,2.08E-13
0x48c82d8bdeb4d9cf5242c52d37fb4705661a8018,wMEMO-BIT,0x0da67235dd5787d67955420c84ca1cecd4e5bb3b,wMEMO,18,0x656b51cb40292f60bbbbb80262bafc28ca7115d5,BIT,18,3.36E-13
0x95a094790671bf61ca9970d2b2c9d4aa0c5ef5ad,FROST-WAVAX,0x320ada89dbfa3a154613d2731c9bc3a4030dba19,FROST,18,0xb31f66aa3c1e785363f0875a1b74e27b85fd66c7,WAVAX,18,1.21E-13
0x041290b3571518de62c6b91f06c144c7a8d9f30a,YAW100-WAVAX,0x3893c15fc570487e745c9fb5c1093cdd226ad64e,YAW100,18,0xb31f66aa3c1e785363f0875a1b74e27b85fd66c7,WAVAX,18,7.49E-14
0x3387200d52e41dbe90e42983d83487d5279c3b92,GRO-WAVAX,0x72699ba15cc734f8db874fa9652c8de12093f187,GRO,18,0xb31f66aa3c1e785363f0875a1b74e27b85fd66c7,WAVAX,18,1.11E-13
0x7ca47c7c50d6a48f90b3bb472a9cecd91edc7884,WETH.e-DAI.e,0x49d5c2bdffac6ce2bfdb6640f4f80f226bc10bab,WETH.e,18,0xd586e7f844cea2f87f50152665bcbc2c279d8d70,DAI.e,18,1.14E-13
0xf34b86ddab4b7d0fb5269b074d8bd2de397d2ddc,LINK.e-WAVAX,0x5947bb275c521040051d82396192181b413227a3,LINK.e,18,0xb31f66aa3c1e785363f0875a1b74e27b85fd66c7,WAVAX,18,3.66E-14
0x090313f16e1bd2ee9ecfdc047c27832c248a2ba4,MIM-WINE,0x130966628846bfd36ff31a822705796e8cb8c18d,MIM,18,0xc55036b5348cfb45a932481744645985010d3a44,WINE,18,9.70E-15
0x7b4fde48f4f05849a38bc805cad0aa24e5b59d87,STOMB-WAVAX,0x9e6832d13b29d0b1c1c3465242681039b31c7a05,STOMB,18,0xb31f66aa3c1e785363f0875a1b74e27b85fd66c7,WAVAX,18,2.56E-14
0x865e0fdb87175ba6f5e8e8b0a07c75bb193f1d07,AAVE.e-DAI.e,0x63a72806098bd3d9520cc43356dd78afe5d386d9,AAVE.e,18,0xd586e7f844cea2f87f50152665bcbc2c279d8d70,DAI.e,18,7.03E-15
0x540342d9ab5d1fc10fb3e34e0b6da76ecedf4074,BIT-WAVAX,0x656b51cb40292f60bbbbb80262bafc28ca7115d5,BIT,18,0xb31f66aa3c1e785363f0875a1b74e27b85fd66c7,WAVAX,18,1.26E-14
0x20a78028f055bbaf490685c0f500dae548f7ed35,WAVAX-HeC,0xb31f66aa3c1e785363f0875a1b74e27b85fd66c7,WAVAX,18,0xc7f4debc8072e23fe9259a5c0398326d8efb7f5c,HeC,18,2.54E-14
0x37b473780f7f69892629b6b59d5939d40dd2b032,WAVAX-BOB,0xb31f66aa3c1e785363f0875a1b74e27b85fd66c7,WAVAX,18,0xefc42fc9c5d607bed3ed45c2895e60c9aba9110a,BOB,18,7.47E-15
0xc9206eeb0c3483a6b7f9cf0fdde2cdbc26831aa6,SPORE-WAVAX,0x6e7f5c0b9f4432716bdd0a77a3601291b9d9e985,SPORE,9,0xb31f66aa3c1e785363f0875a1b74e27b85fd66c7,WAVAX,18,1.40E-14
0x4ec22a8fdf4a81621f496f6cc84fa36f20494f66,HST-WAVAX,0x12aa123ef603a38075c32e054aedf76e8ae52b90,HST,18,0xb31f66aa3c1e785363f0875a1b74e27b85fd66c7,WAVAX,18,7.00E-15
0xf5612ab25db5b1d19ca0a82aa93c8e87bfbc5a5c,PTP-WAVAX,0x22d4002028f537599be9f666d1c4fa138522f9c8,PTP,18,0xb31f66aa3c1e785363f0875a1b74e27b85fd66c7,WAVAX,18,1.81E-15
0xa21b89642a158b6b5f7c5428a49abc62c5db6860,ODDZ-WAVAX,0xb0a6e056b587d0a85640b39b1cb44086f7a26a1e,ODDZ,18,0xb31f66aa3c1e785363f0875a1b74e27b85fd66c7,WAVAX,18,3.78E-15
0xcd588ce1786c302879cde8d90c179d863550852c,YAW100-DAI.e,0x3893c15fc570487e745c9fb5c1093cdd226ad64e,YAW100,18,0xd586e7f844cea2f87f50152665bcbc2c279d8d70,DAI.e,18,2.91E-15
0x9737714774d8a2d8d4b8910e36e1507cad783a7d,MIM-OGKU,0x130966628846bfd36ff31a822705796e8cb8c18d,MIM,18,0x1dff04513f5f50afb2cff7fc66f4fd84290e5d0e,OGKU,18,2.24E-15
0xa3c0448282f548222fb918268d0c4b506eedb213,THOT-WAVAX,0xa4ed6a8b07416ce77a6d4b3f124cf8f3a5b76b96,THOT,18,0xb31f66aa3c1e785363f0875a1b74e27b85fd66c7,WAVAX,18,1.08E-15
0x41997150ef38a3091f5fa3191f529e1f0cfac1e3,WAL-WAVAX,0x46d4bd30c19043241fce27eeb03f4c648b4e4c24,WAL,18,0xb31f66aa3c1e785363f0875a1b74e27b85fd66c7,WAVAX,18,5.75E-16
0x9a607ea488eefc9c71e13a139092d015086b8211,DIGITS-WAVAX,0x18e2269f98db2eda3cfc06e6cca384b291e553d9,DIGITS,18,0xb31f66aa3c1e785363f0875a1b74e27b85fd66c7,WAVAX,18,1.23E-15
0x30d11d9ce7f455c71e6b972aacf2cf000967a9df,MIM-QI,0x130966628846bfd36ff31a822705796e8cb8c18d,MIM,18,0x8729438eb15e2c8b576fcc6aecda6a148776c0f5,QI,18,2.60E-16
0x801d73b81387b823de1828302f01518f8ab7a716,YAW-WAVAX,0x93ca13028aa1658327e65f18d3f68f9905f8436e,YAW,18,0xb31f66aa3c1e785363f0875a1b74e27b85fd66c7,WAVAX,18,2.39E-16
0x00e962108275521949c7e8088c13a31fb8fd4a88,KITSU-WAVAX,0x85dbd0acbcbb4621a2e2b1fd198119b79f76016c,KITSU,18,0xb31f66aa3c1e785363f0875a1b74e27b85fd66c7,WAVAX,18,2.39E-16
0xc8990fd4ed2995c7e7e58eac2afa7f6c6258a786,BSGG-DAI.e,0x63682bdc5f875e9bf69e201550658492c9763f89,BSGG,18,0xd586e7f844cea2f87f50152665bcbc2c279d8d70,DAI.e,18,4.16E-16
0xec7b51ebf3957b31b4a41db857a6c3ca5b5de383,KITSU-WAVAX,0x3980c6af4c39253fe560bb3e5a77581f5d69dafc,KITSU,18,0xb31f66aa3c1e785363f0875a1b74e27b85fd66c7,WAVAX,18,7.97E-17
0xcb50e3be938244f54d8596093fe75560fdf446b6,NEWO-WAVAX,0x18befca3669d727987c528ed808a8ef27bcdc543,NEWO,8,0xb31f66aa3c1e785363f0875a1b74e27b85fd66c7,WAVAX,18,6.64E-17
0x974374410f36841e8420c25e3db6d097d3a8aa04,SMRTr-WAVAX,0x6d923f688c7ff287dc3a5943caeefc994f97b290,SMRTr,18,0xb31f66aa3c1e785363f0875a1b74e27b85fd66c7,WAVAX,18,8.97E-17
0x910b9506a61f938fa69176f4f18304187b8a79a2,WAVAX-LULZ,0xb31f66aa3c1e785363f0875a1b74e27b85fd66c7,WAVAX,18,0xbb92f804f2f1f9f1d68a14a5c6a17f242629d389,LULZ,18,1.12E-16
0x59eef5b403ec36652698204e926e8eb23dc95ba3,APTOS-WAVAX,0x5d7021477d338840b84e01ed9f2cf9a78b612827,APTOS,18,0xb31f66aa3c1e785363f0875a1b74e27b85fd66c7,WAVAX,18,3.81E-17
0x2cbec2f846daefa8c1f5c3e12dcb56ee41a5750f,QI-WAVAX,0x8729438eb15e2c8b576fcc6aecda6a148776c0f5,QI,18,0xb31f66aa3c1e785363f0875a1b74e27b85fd66c7,WAVAX,18,2.20E-17
0x22f371febed3519f76d68e0ac303fa6a2d2fddd4,WAVAX-FAE,0xb31f66aa3c1e785363f0875a1b74e27b85fd66c7,WAVAX,18,0xd60e9ab480da5012d66b8c5f486bab57cf45e431,FAE,18,1.80E-16
0x13f1b8050b7680e0f83d02a1fbda02d30fdf0b60,KITSU-WAVAX,0x1de16c67253f1359999f2edf4bb483cfaea23c93,KITSU,18,0xb31f66aa3c1e785363f0875a1b74e27b85fd66c7,WAVAX,18,7.97E-17
0x03ab5800f69e8741119bc2dbb8ae6bdf65f59743,PLEB-WAVAX,0x625fc9bb971bb305a2ad63252665dcfe9098bee9,PLEB,18,0xb31f66aa3c1e785363f0875a1b74e27b85fd66c7,WAVAX,18,7.97E-17
0x028da43daba6c2e624ec70fb51f109edd4a9ff5f,INU-WAVAX,0x718a00c9cdacb4bbdaa824497ee3fe699f0d74f8,INU,18,0xb31f66aa3c1e785363f0875a1b74e27b85fd66c7,WAVAX,18,7.96E-17
0x99f34cf42502225c9cdde2807321bb96011baca1,MIM-SDT,0x130966628846bfd36ff31a822705796e8cb8c18d,MIM,18,0xb506bc763cd80ed407a9d3f61080c4e82f7cb77e,SDT,18,3.20E-17
0xa7daff062c182602e98174760f7e8d761813917b,YAW-DAI.e,0x93ca13028aa1658327e65f18d3f68f9905f8436e,YAW,18,0xd586e7f844cea2f87f50152665bcbc2c279d8d70,DAI.e,18,1.91E-17
0xfd4cbd1bbf1088a02a4d0de6b59e5f4448596f0e,SUSHI-PEFI,0x39cf1bd5f15fb22ec3d9ff86b0727afc203427cc,SUSHI,18,0xe896cdeaac9615145c0ca09c8cd5c25bced6384c,PEFI,18,0
0xfc00c4b53f10cd1aca063dd5d999cac612d1f6c4,SS-DAI.e,0x7064ca2735cea24cb84a974f2b960d1e842b42bf,SS,18,0xd586e7f844cea2f87f50152665bcbc2c279d8d70,DAI.e,18,0
0xf4caf7b62728a73c0558ea741cf41365e55826c9,NGMI-WAVAX,0x463de4fce991763c1612c3f08c6c5d95579134a0,NGMI,18,0xb31f66aa3c1e785363f0875a1b74e27b85fd66c7,WAVAX,18,0
0xf0a57907f4abf14cb8ba7a829ed61332c4881bd7,TST$-DOB,0x194e63b8ef97fe6bea0f39344598547630048746,TST$,18,0xa33e681e098772ad910240f9692f5f8f3e2e9dd8,DOB,9,0
0xef26750a2d1645c2e6488afa18f1fb9870aff6d9,fUSDT-fBTC,0x1ddf8d5f0d67539e841be7405815bc0e4cd10783,fUSDT,18,0x49f87f6c09b22cbc19e2d41258ca76e0bbe7aa72,fBTC,18,0
0xea75537c35d26633071cf25f7f061b13e4e36b54,SUSHI-AAVE,0x39cf1bd5f15fb22ec3d9ff86b0727afc203427cc,SUSHI,18,0x8ce2dee54bb9921a2ae0a63dbb2df8ed88b91dd9,AAVE,18,0
0xe9b0fd03e1ce74f96aff953ac20b250c4974cfc9,WAVAX-ATST,0xb31f66aa3c1e785363f0875a1b74e27b85fd66c7,WAVAX,18,0xdc9bcb8d3e586f452b1a95b57bbd3845c51e7c38,ATST,9,0
0xe6a9c58f5f391f2de7fbd1308d27c5aca2558425,BSGG-USDt,0x63682bdc5f875e9bf69e201550658492c9763f89,BSGG,18,0x9702230a8ea53601f5cd2dc00fdbc13d4df4a8c7,USDt,6,1036519.848
0xdff5bc696c32dd6cdd9a83f5190201670e39d3e8,SAFUU-WAVAX,0x453922c505d6ba219d0fade04013f0534c54046b,SAFUU,5,0xb31f66aa3c1e785363f0875a1b74e27b85fd66c7,WAVAX,18,0
0xd602f16f5bd78731cf6b2447ec7caff0bc01c9fd,AF-WAVAX,0x30049da4f5a57bff7c3df3422413f88f32e13cf1,AF,18,0xb31f66aa3c1e785363f0875a1b74e27b85fd66c7,WAVAX,18,0
0xd3a499bb6be8d5d60e783212b8aa521dd6aa7c67,TIME-fWAVAX,0xba03f1886f3659bf30b87ac8a03949602c4664a3,TIME,9,0xf06624d005c62e7263207d7d2d9a5cd590e7aa39,fWAVAX,18,0
0xc886a81d128d1ab42564d07333d02ca4b8ab5d0d,SNR-SNRW,0x0c56938dc4be6fc6b5641445be21644797ce251a,SNR,18,0xe677bdc4f5ac7ef7701f4199f25abad34d41fd7f,SNRW,18,0
0xc56187f96a78ae17bad88df39b2beebc02cf26de,MAG-wMAG,0x1d60109178c48e4a937d8ab71699d8ebb6f7c5de,MAG,9,0xdd4115bbbc2555d3d3053ff42ade45bebc2f2ddc,wMAG,9,0
0xb40a3c121074b4cbc9e366da64bd0e7a3510e5e6,USDT-ETH,0xde3a24028580884448a5397872046a019649b084,USDT,6,0xf20d962a6c8f70c731bd838a3a388d7d48fa6e15,ETH,18,0.041458855
0xad070689e55adb2ed9b2384a466751d32392c329,USDT.e-iBONE,0xc7198437980c041c805a1edcba50c1ce5db95118,USDT.e,6,0xfc9c0bec72d59ea9e117ff57e4ec494855c86abc,iBONE,18,0
0xa6ae2bd050902cb513f78ce3786feb3448650e6e,WAVAX-Adi,0xb31f66aa3c1e785363f0875a1b74e27b85fd66c7,WAVAX,18,0xf3e85d55f2fed5cf05451251956ca2a7d01e2a6a,Adi,18,0
0x9f493e6e74fc84996cceec2721929ce3213b70d5,TMOON-WAVAX,0x97746e000d68943e009569917c3dc94d2458e996,TMOON,18,0xb31f66aa3c1e785363f0875a1b74e27b85fd66c7,WAVAX,18,0
0x979a33a1bf0894f7329450ec7f1b084ce34a9dea,AYLD-WAVAX,0x416d877b11d4ecb09017b1d48cd32cf110312630,AYLD,18,0xb31f66aa3c1e785363f0875a1b74e27b85fd66c7,WAVAX,18,0
0x927fba48ed03f5c9c127511499d1e8c23a3cf8ef,SUSHI-PNG,0x39cf1bd5f15fb22ec3d9ff86b0727afc203427cc,SUSHI,18,0x60781c2586d68229fde47564546784ab3faca982,PNG,18,0
0x922e679333d9751e7ec5538c861b7e068837d91a,MIM-CROWN,0x130966628846bfd36ff31a822705796e8cb8c18d,MIM,18,0xed46443c18e38064523180fc364c6180b35803d3,CROWN,9,0
0x90df3821876274b40e1439907f7042f22980499b,PSP-PSP,0x31188f0e623055dabf7d030a4ab05eacd4638565,PSP,18,0xb7b18497d542e37e4dc7e6cda7efe94931e9ba2a,PSP,18,0
0x8cd301d1959c5bd1438a33b7ea0cd7b6add3e19d,AvSTRM-USDC,0x94a7f270cd12545a277e656266aef5e27df3eb28,AvSTRM,18,0xb97ef9ef8734c71904d8002f8b6bc66dd9c48a6e,USDC,6,5948.852336
0x8af7d6c0906f0fa10ce5c4b1894f684f1f14a3a8,Tester-WAVAX,0x309e29bb5b41b1b693544efe4cba9263d39c4ba9,Tester,18,0xb31f66aa3c1e785363f0875a1b74e27b85fd66c7,WAVAX,18,0
0x7b1fb04cbf4a8634c315032a1308a3c8fa84b5e8,USDC-GRAMZ,0xb97ef9ef8734c71904d8002f8b6bc66dd9c48a6e,USDC,6,0xc1fc15b9eec1a4efd80202cb3d8fed72dc1ed3e9,GRAMZ,18,3.017915288
0x7ad3509fdb4992a20f6acd8ed0ae48f10a6d2135,MIM-DIGITS,0x130966628846bfd36ff31a822705796e8cb8c18d,MIM,18,0x588d693921929b8552bd576db60b5bcd23be1394,DIGITS,18,0
0x766885cf6617c1c4e52033c9283059b779688765,SUSHI-ETH,0x39cf1bd5f15fb22ec3d9ff86b0727afc203427cc,SUSHI,18,0xf20d962a6c8f70c731bd838a3a388d7d48fa6e15,ETH,18,0
0x6f8d57a2254ff0badd9e6086fad9924f29c663d6,FAE-WAVAX,0x9f6d821b80f0ac23a6e06b863c560d465a1e8c46,FAE,18,0xb31f66aa3c1e785363f0875a1b74e27b85fd66c7,WAVAX,18,0
0x6ed8e1fea8fb42f73ab94a559f832643f657b8c3,WAVAX-WRSH,0xb31f66aa3c1e785363f0875a1b74e27b85fd66c7,WAVAX,18,0xe4d40c37905d08b08b2dd60e445ab287ef353e65,WRSH,18,0
0x6ba26c5d46c94d372c8abbcfdc673571c6c6dd1e,GTPS-GFI,0x0fc6bed37833fcc6381b36e7ef7534be8029a9c3,GTPS,18,0x5e7bd0a28da3f84fad28617959d82d64e1239800,GFI,18,0
0x644d6365e287eedc99a7ccc1977c19a5650c61a4,AVARK-WAVAX,0x467af0fb4fbdf658d060cff4c09c40d634aa66e2,AVARK,18,0xb31f66aa3c1e785363f0875a1b74e27b85fd66c7,WAVAX,18,0
0x630907fa6ba197aa2629654340cbd588c52e5944,MIM3CRV-f-BINGUS,0x30df229cefa463e991e29d42db0bae2e122b2ac7,MIM3CRV-f,18,0x5ac3786cbe72b1b7b313692a37ac850545b6c749,BINGUS,18,0
0x5ecfca21f29366ab9e8e1f2c7de56cdb96037c21,USDC.e-CERBY,0xa7d7079b0fead91f3e65f86e8915cb59c1a4c664,USDC.e,6,0xdef1fac7bf08f173d286bbbdcbeeade695129840,CERBY,18,0
0x5be4ef66f028f4cc48e5a341b34fbfd47ed9bfe1,UST-USDC,0x260bbf5698121eb85e7a74f2e45e16ce762ebe11,UST,6,0xb97ef9ef8734c71904d8002f8b6bc66dd9c48a6e,USDC,6,0.000120762
0x5b55e9fddcb1d8717dd84cc7721419bdfa63dd32,GTPS-GTPS,0x0fc6bed37833fcc6381b36e7ef7534be8029a9c3,GTPS,18,0xbe217b06d3233d56938aa2a8cd1ac728c9dc848a,GTPS,18,0
0x5b21243564c32b798880488563cd6c33a864ccf3,Susuwatari-WAVAX,0x36b6d3f348916c34d619ca1e69a308a5ea71ea17,Susuwatari,9,0xb31f66aa3c1e785363f0875a1b74e27b85fd66c7,WAVAX,18,0
0x5ae05320976c8b1c37e81b2e77a0b6814500d077,SAFO-WAVAX,0x76b7285877c3bae817570e47f0971f81b904bfb7,SAFO,18,0xb31f66aa3c1e785363f0875a1b74e27b85fd66c7,WAVAX,18,0
0x56f2c8c9bce12e3519f4322f32d62c9e8997d8db,WAVAX-DEMON,0xb31f66aa3c1e785363f0875a1b74e27b85fd66c7,WAVAX,18,0xf4c1418a7539ee5f4f418fdfdc833210847d6082,DEMON,9,0
0x523b1b7788ae3c0c830f984474ebfc060bdfb891,KITSU-WAVAX,0x365d19cd734ef0872cea6e267d7ff6340fad200c,KITSU,18,0xb31f66aa3c1e785363f0875a1b74e27b85fd66c7,WAVAX,18,0
0x516c10da99faa74d4597a5e0f72bf8b62a34f28c,TIME-GG,0xb54f16fb19478766a268f172c9480f8da1a7c9c3,TIME,9,0xf2f7ce610a091b94d41d69f4ff1129434a82e2f0,GG,9,0
0x4f4940fc0a0af7184c4165aacb483957ab62e96b,AURORA-WAVAX,0xa9d633a1ac5aa995c5e4f7d915ade1be565a97e8,AURORA,18,0xb31f66aa3c1e785363f0875a1b74e27b85fd66c7,WAVAX,18,0
0x4ccddb4f289811988dc674593de9d65922cdf0b8,MIM-ICE,0x130966628846bfd36ff31a822705796e8cb8c18d,MIM,18,0x9235b893a3e61a14b2d02a91ec1394fbf411689e,ICE,9,0
0x47d67c86a1f5b91e8455f84170b068df704f3b26,GFI-GTPS,0x5e7bd0a28da3f84fad28617959d82d64e1239800,GFI,18,0xbe217b06d3233d56938aa2a8cd1ac728c9dc848a,GTPS,18,0
0x46569857a37771ba898a28b778fb20b72d885173,LYD-USDT,0x4c9b4e1ac6f24cde3660d5e4ef1ebf77c710c084,LYD,18,0xde3a24028580884448a5397872046a019649b084,USDT,6,0
0x454eb80d24944a3e16fbe567d5e115593ff3703f,JustinBuy-Rex,0x885748fd6b1011363159b8376236468c4039ac7a,JustinBuy,18,0xa33fac40f62b7aa975d8835eaa8a4df8b74161bd,Rex,18,5009.728991
0x42ef8d041afae686b357d90d7de82dbaf7aa4d66,KITSU-WAVAX,0x46c9754a08cfabab72493a3385b7ff3eb8fe76c1,KITSU,18,0xb31f66aa3c1e785363f0875a1b74e27b85fd66c7,WAVAX,18,0
0x41035d66b695914452851f7d01898199272e0d72,YAW100-YAW,0x3893c15fc570487e745c9fb5c1093cdd226ad64e,YAW100,18,0x93ca13028aa1658327e65f18d3f68f9905f8436e,YAW,18,0
0x3a9326b21ecc0821b4918a837c5abda9473095d0,BTCBR-USDC,0xb355f4f4cc84a9429a59d5c2b98d77016f7ec482,BTCBR,18,0xb97ef9ef8734c71904d8002f8b6bc66dd9c48a6e,USDC,6,4.047007193
0x3944f2f605f80c491c564a6914f38f734a5e97b1,CRMSO-WAVAX,0xa7809bc3ee459fc7e0b0496ffa6aaa177dd51821,CRMSO,18,0xb31f66aa3c1e785363f0875a1b74e27b85fd66c7,WAVAX,18,0
0x2709463ca279c8678ecb4ff9cb780fb9b4991ff2,ElonBuy-Rex,0x672d459acb1bca9be286ece0cf1e6aa776ee04af,ElonBuy,18,0xa33fac40f62b7aa975d8835eaa8a4df8b74161bd,Rex,18,2204.412642
0x250cd25f33baf60ad2768d0a6a492b074d8a25a0,GRAPE-WINE,0x5541d83efad1f281571b343977648b75d95cdac2,GRAPE,18,0xc55036b5348cfb45a932481744645985010d3a44,WINE,18,0
0x218407bf512af30ace717c9cf322f951d116e88b,TOKEN_FAKE-USDT_FAKE,0x3493749d7ab801e8ba9b03da7595203a97d3d7a0,TOKEN_FAKE,18,0x4601ab5bef376d276775a901efbefa2f89362ffb,USDT_FAKE,18,0
0x1f747042c0a2ff571f04ac1d1510572dee55c9f9,ODON-WAVAX,0x6a1e8479643bf2a970eb566a3170d889ad9ade7b,ODON,18,0xb31f66aa3c1e785363f0875a1b74e27b85fd66c7,WAVAX,18,0
0x0dc71d8f097db80cd203fd5cc6d2c6a90489a66a,AMPL-TIC,0x027dbca046ca156de9622cd1e2d907d375e53aa7,AMPL,9,0x75739a693459f33b1fbcc02099eea3ebcf150cbe,TIC,18,0.030639223
0x06e893b1c41ebac52c9030cc019ef5a69b2257e8,KITSU-WAVAX,0x68e10906b190321591fb8d7e667e731760d2ebf0,KITSU,18,0xb31f66aa3c1e785363f0875a1b74e27b85fd66c7,WAVAX,18,0
0x027d7bd752cce874561792cc293cd9f47e0a747d,MIM-PTP,0x130966628846bfd36ff31a822705796e8cb8c18d,MIM,18,0x22d4002028f537599be9f666d1c4fa138522f9c8,PTP,18,0
